rank,chain,resid,resname_raw,n_atoms,gamma23,resname,protonation,one_letter,residue_class,charge,is_charged,is_aromatic,is_polar,hydropathy,volume_A3,mw_Da
1,F,455,SER,11,7.56,SER,standard,S,Polar_uncharged,-0.8,True,False,True,-0.8,89.0,105.09
2,F,456,ALA,10,7.08,ALA,standard,A,Aliphatic,1.8,True,False,False,1.8,88.6,89.09
3,z,458,ASN,14,6.829999999999999,ASN,standard,N,Polar_uncharged,-3.5,True,False,True,-3.5,114.1,132.12
4,F,457,GLN,17,6.76,GLN,standard,Q,Polar_uncharged,-3.5,True,False,True,-3.5,143.8,146.15
5,z,456,ALA,10,6.75,ALA,standard,A,Aliphatic,1.8,True,False,False,1.8,88.6,89.09
6,z,455,SER,11,6.730000000000001,SER,standard,S,Polar_uncharged,-0.8,True,False,True,-0.8,89.0,105.09
7,z,453,SER,11,6.28,SER,standard,S,Polar_uncharged,-0.8,True,False,True,-0.8,89.0,105.09
8,z,457,GLN,17,5.86,GLN,standard,Q,Polar_uncharged,-3.5,True,False,True,-3.5,143.8,146.15
9,u,452,GLN,17,5.83,GLN,standard,Q,Polar_uncharged,-3.5,True,False,True,-3.5,143.8,146.15
10,F,454,GLY,7,5.7700000000000005,GLY,standard,G,Special,-0.4,True,False,False,-0.4,60.1,75.07
11,u,454,GLY,7,5.64,GLY,standard,G,Special,-0.4,True,False,False,-0.4,60.1,75.07
12,F,453,SER,11,5.64,SER,standard,S,Polar_uncharged,-0.8,True,False,True,-0.8,89.0,105.09
13,z,451,ASN,14,5.38,ASN,standard,N,Polar_uncharged,-3.5,True,False,True,-3.5,114.1,132.12
14,z,459,LYS,22,5.230000000000001,LYS,standard,K,Basic,-3.9,True,False,True,-3.9,168.6,146.19
15,u,455,SER,11,5.1000000000000005,SER,standard,S,Polar_uncharged,-0.8,True,False,True,-0.8,89.0,105.09
16,z,454,GLY,7,5.079999999999999,GLY,standard,G,Special,-0.4,True,False,False,-0.4,60.1,75.07
17,F,452,GLN,17,4.62,GLN,standard,Q,Polar_uncharged,-3.5,True,False,True,-3.5,143.8,146.15
18,F,458,ASN,14,4.5600000000000005,ASN,standard,N,Polar_uncharged,-3.5,True,False,True,-3.5,114.1,132.12
19,Q,493,LYS,22,4.549999999999999,LYS,standard,K,Basic,-3.9,True,False,True,-3.9,168.6,146.19
20,D,457,GLN,17,4.44,GLN,standard,Q,Polar_uncharged,-3.5,True,False,True,-3.5,143.8,146.15
